Average_Preservation,Std_Deviation,Samples_Used
0.9653644706301873,0.24775531578254306,4434
