Accuracy_Original,Accuracy_Masked,Utility_Score,Samples_Used,Clusters
0.9470124013528749,0.95152198421646,1.0047619047619047,4434,6
