Accuracy_Original,Accuracy_Masked,Utility_Score
0.9560315670800451,0.915445321307779,0.9575471698113207
